{
    "0": "Молоко",
    "1": "Клубника",
    "2": "Сыр твердый",
    "3": "Чеснок",
    "4": "Яйцо куриное",
    "5": "Грейпфрут",
    "6": "Лук зеленый",
    "7": "Салат",
    "8": "Майонез",
    "9": "Баклажан",
    "10": "Лук репчатый",
    "11": "Помидор",
    "12": "Фарш куриный",
    "13": "Картофель",
    "14": "Желтки",
    "15": "Масло сливочное",
    "16": "Зелень",
    "17": "Приправа",
    "18": "Масло растительное",
    "19": "Вишня",
    "20": "Водка",
    "21": "Кости",
    "22": "Корица",
    "23": "Гвоздика",
    "24": "Вода",
    "25": "Тыква",
    "26": "Молоко сгущенное",
    "27": "Орех мускатный",
    "28": "Крахмал",
    "29": "Сахарная пудра",
    "30": "Какао-масло",
    "31": "Какао",
    "32": "Сироп кленовый",
    "33": "Ваниль",
    "34": "Рыба",
    "35": "Сливки",
    "36": "Сыр голландский",
    "37": "Вино белое полусухое",
    "38": "Рис",
    "39": "Морковь",
    "40": "Морепродукты",
    "41": "Карри",
    "42": "Сало",
    "43": "Грибы",
    "44": "Горбуша",
    "45": "Зубатка",
    "46": "Перец болгарский",
    "47": "Мак",
    "48": "Специи",
    "49": "Соевый соус",
    "50": "Крабовые палочки",
    "51": "Сыр мягкий",
    "52": "Маслины",
    "53": "Вино белое сухое",
    "54": "Креветки",
    "55": "Огурец",
    "56": "Финик",
    "57": "Мандарин",
    "58": "Сметана",
    "59": "Лайм",
    "60": "Кофе натуральный",
    "61": "Ванилин",
    "62": "Свекла",
    "63": "Фасоль",
    "64": "Горчица",
    "65": "Разрыхлитель теста",
    "66": "Ванильный сахар",
    "67": "Яблоко",
    "68": "Сок лимона",
    "69": "Крупа гречневая",
    "70": "Шампиньоны",
    "71": "Перец чили",
    "72": "Тимьян",
    "73": "Имбирь",
    "74": "Перец сычуаньский",
    "75": "Кинза",
    "76": "Вино рисовое",
    "77": "Уксус",
    "78": "Голень куриная",
    "79": "Йогурт",
    "80": "Лук красный",
    "81": "Паприка сладкая",
    "82": "Кардамон",
    "83": "Кумин",
    "84": "Кориандр",
    "85": "Мука цельнозерновая",
    "86": "Закваска",
    "87": "Шоколад молочный",
    "88": "Миндаль",
    "89": "Груша",
    "90": "Печенье",
    "91": "Орехи пекан",
    "92": "Смородина черная",
    "93": "Кефир",
    "94": "Сок",
    "95": "Шоколад темный",
    "96": "Хлеб",
    "97": "Огурец соленый",
    "98": "Котлета",
    "99": "Сыр сливочный",
    "100": "Сироп фруктовый",
    "101": "Банан",
    "102": "Джем",
    "103": "Грудка куриная",
    "104": "Смесь перцев",
    "105": "Чернослив",
    "106": "Бедро куриное",
    "107": "Маца",
    "108": "Капуста пекинская",
    "109": "Авокадо",
    "110": "Консервы рыбные",
    "111": "Лимон",
    "112": "Цуккини",
    "113": "Патиссон",
    "114": "Томаты черри",
    "115": "Огурец маринованный",
    "116": "Фарш индюшачий",
    "117": "Изюм",
    "118": "Курага",
    "119": "Сок яблочный",
    "120": "Сухари панировочные",
    "121": "Порошок чесночный",
    "122": "Петрушка",
    "123": "Бекон",
    "124": "Кукуруза",
    "125": "Говядина",
    "126": "Сок апельсиновый",
    "127": "Ананас",
    "128": "Соус",
    "129": "Апельсин",
    "130": "Крупа манная",
    "131": "Семена",
    "132": "Сыр плавленый",
    "133": "Брокколи",
    "134": "Кальмар",
    "135": "Вода минеральная",
    "136": "Щавель",
    "137": "Редис",
    "138": "Горошек зеленый",
    "139": "Кетчуп",
    "140": "Бульон",
    "141": "Килька",
    "142": "Творог",
    "143": "Клюква",
    "144": "Сырок плавленый",
    "145": "Укроп",
    "146": "Мясо",
    "147": "Батон",
    "148": "Утка",
    "149": "Бальзамик",
    "150": "Сахар коричневый",
    "151": "Дрожжи",
    "152": "Сусло квасное",
    "153": "Шалфей",
    "154": "Черника",
    "155": "Опята",
    "156": "Крупа перловая",
    "157": "Майоран",
    "158": "Лист лавровый",
    "159": "Мед",
    "160": "Фисташки",
    "161": "Абрикос",
    "162": "Белок яичный",
    "163": "Капуста белокочанная",
    "164": "Филе куриное",
    "165": "Печень куриная",
    "166": "Шпиг",
    "167": "Лук-порей",
    "168": "Пиво светлое",
    "169": "Маргарин",
    "170": "Баранина",
    "171": "Нут",
    "172": "Зира",
    "173": "Пюре овощное",
    "174": "Варенье",
    "175": "Ром",
    "176": "Лазанья",
    "177": "Томаты вяленые",
    "178": "Семечки тыквенные",
    "179": "Базилик",
    "180": "Розмарин",
    "181": "Фарш",
    "182": "Сок морковный",
    "183": "Сосиска",
    "184": "Шафран",
    "185": "Фасоль стручковая",
    "186": "Крахмал кукурузный",
    "187": "Посыпка кондитерская",
    "188": "Цедра апельсина",
    "189": "Капуста морская",
    "190": "Хлебцы",
    "191": "Грецкий орех",
    "192": "Вермишель",
    "193": "Перец белый",
    "194": "Крекер",
    "195": "Чечевица",
    "196": "Курица",
    "197": "Сельдерей черешковый",
    "198": "Тунец",
    "199": "Пельмени",
    "200": "Печень говяжья",
    "201": "Ягода",
    "202": "Желатин",
    "203": "Айва",
    "204": "Мука овсяная",
    "205": "Желе",
    "206": "Мука рисовая",
    "207": "Шоколад белый",
    "208": "Коньяк",
    "209": "Кислота лимонная",
    "210": "Кунжут",
    "211": "Макаронные изделия",
    "212": "Мука ржаная",
    "213": "Кабачок",
    "214": "Кешью",
    "215": "Ветчина",
    "216": "Капуста цветная",
    "217": "Масло кунжутное",
    "218": "Хлопья овсяные",
    "219": "Печень баранья",
    "220": "Сыр творожный",
    "221": "Уксусная эссенция",
    "222": "Сухофрукты",
    "223": "Чай черный",
    "224": "Лед",
    "225": "Хлопья рисовые",
    "226": "Слива",
    "227": "Лук-шалот",
    "228": "Дайкон",
    "229": "Анчоусы",
    "230": "Грудка утиная",
    "231": "Орегано",
    "232": "Цедра лимона",
    "233": "Лосось",
    "234": "Форель",
    "235": "Руккола",
    "236": "Шпроты",
    "237": "Тесто дрожжевое",
    "238": "Цыпленок",
    "239": "Оливки черные",
    "240": "Томатная паста",
    "241": "Сок томатный",
    "242": "Корейка",
    "243": "Сыворотка",
    "244": "Стружка кокосовая",
    "245": "Дыня",
    "246": "Малина",
    "247": "Кофе растворимый",
    "248": "Перец болгарский красный",
    "249": "Куркума",
    "250": "Окорочок куриный",
    "251": "Хмели-сунели",
    "252": "Пармезан",
    "253": "Икра рыбная",
    "254": "Свинина",
    "255": "Булка",
    "256": "Бадьян",
    "257": "Сыр сулугуни",
    "258": "Бастурма",
    "259": "Мята",
    "260": "Пшено",
    "261": "Пюре фруктовое",
    "262": "Корж",
    "263": "Моцарелла",
    "264": "Цедра лайма",
    "265": "Печень свиная",
    "266": "Овощи",
    "267": "Арахис",
    "268": "Ликер",
    "269": "Молоко концентрированное",
    "270": "Ароматизатор",
    "271": "Сычужный фермент",
    "272": "Хлорид кальция",
    "273": "Колбаса",
    "274": "Виноград",
    "275": "Хлопья гречневые",
    "276": "Халва",
    "277": "Капуста кольраби",
    "278": "Печень трески",
    "279": "Перец кайен",
    "280": "Колбаски",
    "281": "Соя",
    "282": "Лапша",
    "283": "Киви",
    "284": "Оливки зеленые",
    "285": "Крошка хлебная",
    "286": "Алкоголь",
    "287": "Черемуха",
    "288": "Крахмал картофельный",
    "289": "Язык говяжий",
    "290": "Сыр колбасный",
    "291": "Брынза",
    "292": "Орех кедровый",
    "293": "Маскарпоне",
    "294": "Творожная масса",
    "295": "Тесто слоеное дрожжевое",
    "296": "Смесь специй",
    "297": "Конфеты",
    "298": "Семга",
    "299": "Филе рыбное",
    "300": "Сыр полутвердый",
    "301": "Рисовая бумага",
    "302": "Повидло",
    "303": "Чай в пакетиках",
    "304": "Тесто слоеное",
    "305": "Черешня",
    "306": "Яйцо перепелиное",
    "307": "Эссенция",
    "308": "Уцхо-сунели",
    "309": "Фасоль консервированная",
    "310": "Перец болгарский желтый",
    "311": "Ткемали",
    "312": "Табаско",
    "313": "Фундук",
    "314": "Фрукты",
    "315": "Мука кукурузная",
    "316": "Корнишоны",
    "317": "Грудинка",
    "318": "Тмин",
    "319": "Репа",
    "320": "Ассорти овощное",
    "321": "Брусника",
    "322": "Блин",
    "323": "Сельдерей корневой",
    "324": "Масло грецкого ореха",
    "325": "Сыр козий",
    "326": "Семечки подсолнуха",
    "327": "Семена льна",
    "328": "Безе",
    "329": "Треска",
    "330": "Кожа рыбная",
    "331": "Фрикадельки",
    "332": "Спагетти",
    "333": "Драже",
    "334": "Шпинат",
    "335": "Вино красное полусладкое",
    "336": "Сельдь",
    "337": "Угорь",
    "338": "Нога",
    "339": "Ребра свиные",
    "340": "Перепел",
    "341": "Сахар тростниковый",
    "342": "Ванильная эссенция",
    "343": "Тофу",
    "344": "Сироп глюкозы",
    "345": "Паста арахисовая",
    "346": "Отруби",
    "347": "Жир",
    "348": "Каперсы",
    "349": "Рапаны",
    "350": "Хлопья кукурузные",
    "351": "Сахар-рафинад",
    "352": "Романо",
    "353": "Помидоры",
    "354": "Эстрагон",
    "355": "Маш",
    "356": "Пажитник",
    "357": "Редька",
    "358": "Чабер",
    "359": "Пастернак",
    "360": "Окорок",
    "361": "Сердечки куриные",
    "362": "Кус-кус",
    "363": "Цедра мандарина",
    "364": "Лепешка",
    "365": "Томаты пассерованные",
    "366": "Тесто слоеное бездрожжевое",
    "367": "Мука гречневая",
    "368": "Агар-агар",
    "369": "Крылья куриные",
    "370": "Тархун",
    "371": "Солод",
    "372": "Паста тахинная",
    "373": "Лимонная трава",
    "374": "Ростки",
    "375": "Кокос",
    "376": "Рулька",
    "377": "Сайра",
    "378": "Кета",
    "379": "Багет",
    "380": "Марципан",
    "381": "Гранат",
    "382": "Масло кукурузное",
    "383": "Капучино",
    "384": "Мармелад",
    "385": "Молоко миндальное",
    "386": "Балык",
    "387": "Молоко сухое",
    "388": "Детское питание",
    "389": "Напиток кисломолочный",
    "390": "Молоко кокосовое",
    "391": "Капуста брюссельская",
    "392": "Вино белое полусладкое",
    "393": "Лаваш",
    "394": "Вино красное сухое",
    "395": "Булочка",
    "396": "Можжевельник",
    "397": "Телятина",
    "398": "Фунчоза",
    "399": "Мука миндальная",
    "400": "Сахар гранулированный",
    "401": "Вешенки",
    "402": "Помело",
    "403": "Скумбрия",
    "404": "Смесь порошковая",
    "405": "Хрен",
    "406": "Рулет",
    "407": "Соус-маринад",
    "408": "Сельдерей",
    "409": "Ириски",
    "410": "Чипсы",
    "411": "Семена горчицы",
    "412": "Рис дикий",
    "413": "Пастила",
    "414": "Рассол",
    "415": "Мука блинная",
    "416": "Коктейль морской",
    "417": "Сухарики",
    "418": "Маршмеллоу",
    "419": "Пудинг ванильный",
    "420": "Тесто пельменное",
    "421": "Тесто фило",
    "422": "Индейка",
    "423": "Кукурузные палочки",
    "424": "Глазурь",
    "425": "Язык свиной",
    "426": "Кожа куриная",
    "427": "Суповой набор",
    "428": "Субпродукты",
    "429": "Ерш",
    "430": "Щука",
    "431": "Налим",
    "432": "Конфитюр",
    "433": "Маринад",
    "434": "Паста кунжутная",
    "435": "Зефир",
    "436": "Помидор маринованный",
    "437": "Черемша",
    "438": "Заправка",
    "439": "Цукаты",
    "440": "Горох",
    "441": "Цветки",
    "442": "Соус томатный",
    "443": "Мороженое",
    "444": "Смородина красная",
    "445": "Артишок",
    "446": "Хлопья злаковые",
    "447": "Стружка шоколадная",
    "448": "Простокваша",
    "449": "Масло горчичное",
    "450": "Ряженка",
    "451": "Капуста китайская",
    "452": "Спаржа",
    "453": "Пряности",
    "454": "Сыр адыгейский",
    "455": "Сарделька",
    "456": "Сироп ананасовый",
    "457": "Паста",
    "458": "Соус устричный",
    "459": "Ревень",
    "460": "Вафли",
    "461": "Грибы консервированные",
    "462": "Гребешок",
    "463": "Окунь",
    "464": "Урбеч",
    "465": "Рикотта",
    "466": "Экстракт",
    "467": "Пита",
    "468": "Киноа",
    "469": "Сыр голубой",
    "470": "Джем абрикосовый",
    "471": "Сироп сахарный",
    "472": "Соус ягодный",
    "473": "Фета",
    "474": "Вино десертное",
    "475": "Пиво темное",
    "476": "Порошок пекарский",
    "477": "Барбарис",
    "478": "Овес",
    "479": "Инжир",
    "480": "Каша",
    "481": "Мука ячменная",
    "482": "Мука конопляная",
    "483": "Ежевика",
    "484": "Икра красная",
    "485": "Смесь молочная",
    "486": "Лист цветочный",
    "487": "Крапива",
    "488": "Персик",
    "489": "Вода цветочная апельсиновая",
    "490": "Каштан",
    "491": "Кролик",
    "492": "Лепестки",
    "493": "Нектарин",
    "494": "Мидии",
    "495": "Сироп ягодный",
    "496": "Карп",
    "497": "Капуста краснокочанная",
    "498": "Васаби",
    "499": "Нога баранья",
    "500": "Перец розовый",
    "501": "Сухари",
    "502": "Виски",
    "503": "Филе",
    "504": "Карамель",
    "505": "Семечки",
    "506": "Мастика",
    "507": "Гусь",
    "508": "Аджика",
    "509": "Паста шоколадная",
    "510": "Бисквит",
    "511": "Пахта",
    "512": "Масло рапсовое",
    "513": "Тушенка",
    "514": "Анис",
    "515": "Мука льняная",
    "516": "Пюре томатное",
    "517": "Паста перечная",
    "518": "Нори",
    "519": "Мука кунжутная",
    "520": "Тарталетка",
    "521": "Желудки куриные",
    "522": "Крем",
    "523": "Загуститель для сливок",
    "524": "Морской язык",
    "525": "Капуста квашеная",
    "526": "Лист смородиновый",
    "527": "Лист вишневый",
    "528": "Песто",
    "529": "Калина",
    "530": "Булгур",
    "531": "Пектин",
    "532": "Наршараб",
    "533": "Масло кокосовое",
    "534": "Сок ягодный",
    "535": "Сердце",
    "536": "Мацони",
    "537": "Лимонник",
    "538": "Сироп персиковый",
    "539": "Мясо криля",
    "540": "Хек",
    "541": "Сыр копченый",
    "542": "Раки",
    "543": "Фарш рыбный",
    "544": "Манго",
    "545": "Фенхель",
    "546": "Крыжовник",
    "547": "Порошок горчичный",
    "548": "Кубик бульонный",
    "549": "Крупа кукурузная",
    "550": "Сухой завтрак",
    "551": "Фетаки",
    "552": "Ассорти ягодное",
    "553": "Шейка свиная",
    "554": "Кишки",
    "555": "Хлопья пшенные",
    "556": "Квас",
    "557": "Смалец",
    "558": "Печень гусиная",
    "559": "Тесто пресное",
    "560": "Масло льняное",
    "561": "Перец пепперони",
    "562": "Мука черемуховая",
    "563": "Капуста савойская",
    "564": "Мелисса",
    "565": "Вода газированная",
    "566": "Стрелки чесночные",
    "567": "Ребра",
    "568": "Рябчик",
    "569": "Бамия",
    "570": "Тесто песочное",
    "571": "Соус майонезный",
    "572": "Сироп ванильный",
    "573": "Молоко топленое",
    "574": "Минтай",
    "575": "Печень индюшиная",
    "576": "Перец болгарский зеленый",
    "577": "Коренья",
    "578": "Пангасиус",
    "579": "Физалис",
    "580": "Крем фреш",
    "581": "Масло виноградной косточки",
    "582": "Батат",
    "583": "Шейка куриная",
    "584": "Отвар",
    "585": "Вермут",
    "586": "Папоротник",
    "587": "Икра черная",
    "588": "Пюре ягодное",
    "589": "Сок гранатовый",
    "590": "Каннеллони",
    "591": "Компот",
    "592": "Масло шоколадное",
    "593": "Тоник",
    "594": "Вино розовое полусухое",
    "595": "Паста сахарная",
    "596": "Матча",
    "597": "Спирт",
    "598": "Окунь морской",
    "599": "Ассорти фруктовое",
    "600": "Ребра говяжьи",
    "601": "Чабрец",
    "602": "Палтус",
    "603": "Брюква",
    "604": "Рис коричневый",
    "605": "Цедра грейпфрута",
    "606": "Папайя",
    "607": "Арбуз",
    "608": "Буженина",
    "609": "Соломка",
    "610": "Фруктоза",
    "611": "Кумкват",
    "612": "Полба",
    "613": "Лист капустный",
    "614": "Кора дуба",
    "615": "Лен",
    "616": "Мойва",
    "617": "Масло тыквенное",
    "618": "Тилапия",
    "619": "Тосты",
    "620": "Грудка индюшки",
    "621": "Заменитель сахара",
    "622": "Пряник",
    "623": "Крупа пшеничная",
    "624": "Хлебобулочные изделия",
    "625": "Лист виноградный",
    "626": "Сок березовый",
    "627": "Сушки",
    "628": "Мука нутовая",
    "629": "Крабовое мясо",
    "630": "Херес",
    "631": "Паштет",
    "632": "Бренди",
    "633": "Текила",
    "634": "Маслята",
    "635": "Соевые проростки",
    "636": "Икра овощная",
    "637": "Глюкоза",
    "638": "Пшеница",
    "639": "Семена укропа",
    "640": "Масло арахисовое",
    "641": "Сырок творожный",
    "642": "Желудок",
    "643": "Икра минтая",
    "644": "Взбитые сливки",
    "645": "Фейхоа",
    "646": "Чай зеленый",
    "647": "Хурма",
    "648": "Белорыбица",
    "649": "Сироп лимонный",
    "650": "Салями",
    "651": "Пудинг",
    "652": "Осьминог",
    "653": "Клетчатка",
    "654": "Паста карри",
    "655": "Вода розовая",
    "656": "Личи",
    "657": "Ботва",
    "658": "Камбала",
    "659": "Каркаде",
    "660": "Хвост",
    "661": "Тандури масала",
    "662": "Перец лимонный",
    "663": "Гарам масала",
    "664": "Мюсли",
    "665": "Карбонад",
    "666": "Патока",
    "667": "Лечо",
    "668": "Томаты протертые",
    "669": "Каракатица",
    "670": "Вино красное сладкое",
    "671": "Салака",
    "672": "Душица",
    "673": "Шнитт-лук",
    "674": "Сумах",
    "675": "Семолина",
    "676": "Крошка вафельная",
    "677": "Облепиха",
    "678": "Кисель",
    "679": "Кресс-салат",
    "680": "Цесарка",
    "681": "Бешамель",
    "682": "Карась",
    "683": "Лимонад",
    "684": "Кэроб",
    "685": "Джем апельсиновый",
    "686": "Потроха",
    "687": "Рябина черноплодная",
    "688": "Кондитерское изделие",
    "689": "Паста ореховая",
    "690": "Ракушки",
    "691": "Крупа овсяная",
    "692": "Ассорти мясное",
    "693": "Желирующая смесь",
    "694": "Нутелла",
    "695": "Шампанское",
    "696": "Сахар кусковой",
    "697": "Рожки",
    "698": "Цикорий",
    "699": "Гренки",
    "700": "Рябина красная",
    "701": "Земляника",
    "702": "Кижуч",
    "703": "Пенне",
    "704": "Глутамат натрия",
    "705": "Крупа ячневая",
    "706": "Соус фруктовый",
    "707": "Шиповник",
    "708": "Ванильный стручок",
    "709": "Перец ямайский",
    "710": "Вино красное полусухое",
    "711": "Зерно",
    "712": "Бобы",
    "713": "Напиток молочный",
    "714": "Алыча",
    "715": "Сироп инвертный",
    "716": "Эклеры",
    "717": "Сироп мятный",
    "718": "Аммоний пищевой",
    "719": "Томаты сушеные",
    "720": "Орехи бразильские",
    "721": "Масло соевое",
    "722": "Барабулька",
    "723": "Концентрат",
    "724": "Сидр",
    "725": "Дорадо",
    "726": "Масло миндальное",
    "727": "Сироп клубничный",
    "728": "Фарш соевый",
    "729": "Урюк",
    "730": "Пралине",
    "731": "Порошок томатный",
    "732": "Голубика",
    "733": "Тапиока",
    "734": "Рис воздушный",
    "735": "Катык",
    "736": "Джусай",
    "737": "Мисо-паста",
    "738": "Водоросли",
    "739": "Смородина белая",
    "740": "Молоко соевое",
    "741": "Глютен",
    "742": "Мусс",
    "743": "Лист малиновый",
    "744": "Лист древесный",
    "745": "Свекла листовая",
    "746": "Жимолость",
    "747": "Калинджи",
    "748": "Трюфель",
    "749": "Легкое",
    "750": "Стевия",
    "751": "Батончик шоколадный",
    "752": "Кола",
    "753": "Навага",
    "754": "Грудка",
    "755": "Саке",
    "756": "Раковые шейки",
    "757": "Корюшка",
    "758": "Айран",
    "759": "Лаванда",
    "760": "Пеленгас",
    "761": "Гранола",
    "762": "Порошок грибной",
    "763": "Халва подсолнечная",
    "764": "Сироп кукурузный",
    "765": "Почки",
    "766": "Сок мандариновый",
    "767": "Моллюски",
    "768": "Топинамбур",
    "769": "Вино белое сладкое",
    "770": "Хлопья шоколадные",
    "771": "Редька дайкон",
    "772": "Эскалоп",
    "773": "Вафельные трубочки",
    "774": "Мартини",
    "775": "Мука кокосовая",
    "776": "Унаби",
    "777": "Зайчатина",
    "778": "Лягушачьи лапки",
    "779": "Вино розовое сухое",
    "780": "Тесто заварное",
    "781": "Сетка жировая",
    "782": "Разрыхлитель",
    "783": "Напиток овсяный",
    "784": "Мусс яблочный",
    "785": "Кекс ванильный",
    "786": "Сибас",
    "787": "Оладьи",
    "788": "Ставрида",
    "789": "Зверобой",
    "790": "Шелковица",
    "791": "Помидор соленый",
    "792": "Лаваш тонкий",
    "793": "Удон",
    "794": "Чоризо",
    "795": "Соба",
    "796": "Улитки",
    "797": "Маракуйя",
    "798": "Легкое говяжье",
    "799": "Окара",
    "800": "Заменитель сухого молока",
    "801": "Бублик",
    "802": "Хлопья панировочные",
    "803": "Оленина",
    "804": "Ирга",
    "805": "Мука соевая",
    "806": "Шрот",
    "807": "Мука специальная",
    "808": "Кактус",
    "809": "Тартар",
    "810": "Алоэ",
    "811": "Мука полбяная",
    "812": "Чай красный",
    "813": "Черная смородина",
    "814": "Сгущенка",
    "815": "Разрыхлитель для теста",
    "816": "Консервированый зеленый горошек",
    "817": "Краб",
    "818": "Кефаль",
    "819": "Минеола",
    "820": "Молоки рыбные",
    "821": "Бальзам",
    "822": "Рубец говяжий",
    "823": "Сироп шоколадный",
    "824": "Какао-бобы",
    "825": "Сироп миндальный",
    "826": "Жмых овощной",
    "827": "Кизил",
    "828": "Пиво нефильтрованное",
    "829": "Аспирин",
    "830": "Нектар",
    "831": "Сайда",
    "832": "Суп пакетный",
    "833": "Баранка",
    "834": "Вино игристое сухое",
    "835": "Путассу",
    "836": "Бобы тонка",
    "837": "Профитроли",
    "838": "Мозги говяжьи",
    "839": "Портулак",
    "840": "Кальвадос",
    "841": "Свити",
    "842": "Попкорн",
    "843": "Хамса",
    "844": "Морошка",
    "845": "Клементин",
    "846": "Манная крупа",
    "847": "Кислота аскорбиновая",
    "848": "Шкура свиная",
    "849": "Печень минтая",
    "850": "Ямс",
    "851": "Лобстер",
    "852": "Сироп алкогольный",
    "853": "Чернила каракатицы",
    "854": "Желудь",
    "855": "Печень кролика",
    "856": "Мука амарантовая",
    "857": "Псиллиум",
    "858": "Сливки кокосовые",
    "859": "Жмых фруктовый",
    "860": "Ольховый дым",
    "861": "Хлопья гороховые",
    "862": "Галета",
    "863": "Снеки",
    "864": "Молоко кедровое",
    "865": "Сироп",
    "866": "Нуга",
    "867": "Хлопья ячменные",
    "868": "Селедка соленая",
    "869": "Сыр",
    "870": "Фризе",
    "871": "Конгрио",
    "872": "Брокколетти",
    "873": "Рахат-лукум",
    "874": "Желудок индюшачий",
    "875": "Орех макадамия",
    "876": "Ливер",
    "877": "Спред",
    "878": "Саго",
    "879": "Хлеб ржаной",
    "880": "Круассан",
    "881": "Фосфат пищевой",
    "882": "Вино крепленое",
    "883": "Паста чесночно-имбирная",
    "884": "Иваси",
    "885": "Хамон",
    "886": "Устрицы",
    "887": "Вымя",
    "888": "Сироп абрикосовый",
    "889": "Сироп клюквенный",
    "890": "Чай белый",
    "891": "Ячмень",
    "892": "Болгарский перец",
    "893": "Фасоль красная консервированная",
    "894": "Курица копченая",
    "895": "Сироп черничный",
    "896": "Сунели",
    "897": "Капуста кудрявая",
    "898": "Масло хлопковое",
    "899": "Масло мятное",
    "900": "Печень утиная",
    "901": "Мясо куриное",
    "902": "Блины тонкие",
    "903": "Барсук",
    "904": "Лангуст",
    "905": "Питахайя",
    "906": "Пищевая добавка",
    "907": "Масло пальмовое",
    "908": "Дрожжи сухие",
    "909": "Кляр",
    "910": "Валериана",
    "911": "Семена чиа",
    "912": "Панир",
    "913": "Сироп кокосовый",
    "914": "Шишки сосновые",
    "915": "Побеги",
    "916": "Полуфабрикаты",
    "917": "Тефтели",
    "918": "Мука гороховая",
    "919": "Равиоли",
    "920": "Масло кедрового ореха",
    "921": "Грибы маринованные",
    "922": "Колбаса вареная",
    "923": "Момордика",
    "924": "Белый хлеб",
    "925": "Паприка молотая",
    "926": "Кампари",
    "927": "Гуми",
    "928": "Липаза",
    "929": "Хмель",
    "930": "Йод",
    "931": "Подчеревина свиная",
    "932": "Мандариновая цедра",
    "933": "Мясо соевое",
    "934": "Конкилье",
    "935": "Майонез легкий",
    "936": "Меланж",
    "937": "Хвоя",
    "938": "Куриные окорочка",
    "939": "Кальмар очищенный",
    "940": "Морская капуста",
    "941": "Филе трески",
    "942": "Консервированных томатов",
    "943": "Сироп смородиновый",
    "944": "Ацидофилин",
    "945": "Рамбутан",
    "946": "Мангостин",
    "947": "Бекмес",
    "948": "Печенье юбилейное",
    "949": "Миндальная эссенция",
    "950": "Заварной крем",
    "951": "Персиковый йогурт",
    "952": "Абрикосовое варенье",
    "953": "вода",
    "954": "Яблоко кисловатое",
    "955": "Яблочный сок",
    "956": "Паприка",
    "957": "Ангостура",
    "958": "Бергамот",
    "959": "Орехи толченые",
    "960": "Цедра",
    "961": "варенье",
    "962": "Гриб чайный",
    "963": "Филе индейки",
    "964": "Орешки",
    "965": "Гриб морской",
    "966": "Кунжутные семечки",
    "967": "Кедровый орех",
    "968": "Тесто блинное",
    "969": "Адинамода",
    "970": "Горбуша в масле",
    "971": "Изюм без косточек",
    "972": "Асафетида"
}